mention_id,source_platform,source_url,author_handle,posted_at,ingested_at,brand,category,product_model,text,rating,language,topic_id
a1b2c3d4-0001-4000-8000-000000000001,reddit,https://reddit.com/r/VacuumCleaners/comments/abc1,u/VacuumFanatic,2026-03-15T14:23:00Z,2026-03-15T15:00:00Z,shark,robot_vacuum,PowerDetect UV Reveal,"Oh great, another vacuum that dies after 3 months. Loving the warranty process.",1,en,sarcasm_negative
a1b2c3d4-0002-4000-8000-000000000002,amazon,https://amazon.com/review/R001,AmazonReviewer1,2026-03-18T09:45:00Z,2026-03-18T10:00:00Z,shark,robot_vacuum,PowerDetect UV Reveal,Suction is incredible but the dustbin is tiny and the battery is garbage.,2,en,absa_mixed
a1b2c3d4-0003-4000-8000-000000000003,reddit,https://reddit.com/r/SharkVacuums/comments/abc3,u/CleanFreak,2026-03-20T16:30:00Z,2026-03-20T17:00:00Z,shark,robot_vacuum,Shark Matrix,Switched from iRobot to Shark Matrix and honestly I regret it. The iRobot was smarter at mapping.,2,en,comparative
a1b2c3d4-0004-4000-8000-000000000004,trustpilot,https://trustpilot.com/review/shark/001,TPReviewer1,2026-03-22T11:00:00Z,2026-03-22T11:30:00Z,shark,robot_vacuum,PowerDetect UV Reveal,The HEPA filter needs replacing way too often and the brushroll tangles on long hair.,2,en,domain_terms
a1b2c3d4-0005-4000-8000-000000000005,amazon,https://amazon.com/review/R005,AmazonReviewer5,2026-03-25T13:20:00Z,2026-03-25T14:00:00Z,shark,cordless_stick,PowerDetect,Shark is way better than Dyson at edge cleaning.,5,en,comparative
a1b2c3d4-0006-4000-8000-000000000006,youtube,https://youtube.com/watch?v=abc006&lc=001,YTCommenter1,2026-03-28T18:45:00Z,2026-03-28T19:00:00Z,shark,robot_vacuum,Shark Matrix,"App is a mess, navigation is incredible, and the self-empty base is loud as hell but works.",3,en,absa_mixed
a1b2c3d4-0007-4000-8000-000000000007,reddit,https://reddit.com/r/VacuumCleaners/comments/abc7,u/HomeCleaner99,2026-04-01T10:15:00Z,2026-04-01T10:30:00Z,shark,robot_vacuum,PowerDetect UV Reveal,Finally a vacuum that doesn't die or jam like my old Dyson — the suction is great and the brushroll doesn't tangle,5,en,genuine_positive
a1b2c3d4-0008-4000-8000-000000000008,amazon,https://amazon.com/review/R008,AmazonReviewer8,2026-04-02T08:30:00Z,2026-04-02T09:00:00Z,shark,robot_vacuum,PowerDetect UV Reveal,The UV reveal feature is genuinely useful — can finally see where the dust actually is. Suction power is impressive.,5,en,product_feature
a1b2c3d4-0009-4000-8000-000000000009,trustpilot,https://trustpilot.com/review/shark/009,TPReviewer9,2026-04-03T14:00:00Z,2026-04-03T14:30:00Z,shark,robot_vacuum,Shark Matrix,Navigation keeps getting stuck in corners and the mapping resets every few days. Really frustrating.,2,en,navigation_issue
a1b2c3d4-0010-4000-8000-000000000010,reddit,https://reddit.com/r/SharkVacuums/comments/abc10,u/PetHairProblems,2026-04-04T19:45:00Z,2026-04-04T20:00:00Z,shark,robot_vacuum,PowerDetect UV Reveal,The agitator bar picks up pet hair but the roller stops spinning when you hit a rug edge.,3,en,domain_terms
a1b2c3d4-0011-4000-8000-000000000011,amazon,https://amazon.com/review/R011,AmazonReviewer11,2026-04-05T11:20:00Z,2026-04-05T12:00:00Z,shark,cordless_stick,PowerDetect,Battery life has really improved from the previous model. Gets about 40 minutes on standard mode.,4,en,battery_positive
a1b2c3d4-0012-4000-8000-000000000012,reddit,https://reddit.com/r/HomeImprovement/comments/abc12,u/DIYDave,2026-04-05T21:30:00Z,2026-04-05T22:00:00Z,shark,upright,Shark Navigator,The Shark Navigator is solid for hardwood floors but struggles with thick carpets.,3,en,product_feedback
a1b2c3d4-0013-4000-8000-000000000013,youtube,https://youtube.com/watch?v=abc013&lc=002,YTCommenter2,2026-04-06T10:00:00Z,2026-04-06T10:30:00Z,shark,robot_vacuum,Shark Matrix,Self-empty base works great and the HEPA filtration is excellent. Only complaint is the app is buggy.,4,en,absa_positive
a1b2c3d4-0014-4000-8000-000000000014,amazon,https://amazon.com/review/R014,AmazonReviewer14,2026-04-07T15:45:00Z,2026-04-07T16:00:00Z,shark,robot_vacuum,PowerDetect UV Reveal,Mopping pad leaves streaks on hardwood. The vacuum function is excellent but the mop is disappointing.,2,en,mop_issue
a1b2c3d4-0015-4000-8000-000000000015,trustpilot,https://trustpilot.com/review/shark/015,TPReviewer15,2026-04-07T17:00:00Z,2026-04-07T17:30:00Z,shark,cordless_stick,PowerDetect,Ten out of ten would buy again. If I hated my floors.,1,en,sarcasm_negative
a1b2c3d4-0016-4000-8000-000000000016,reddit,https://reddit.com/r/VacuumCleaners/comments/abc16,u/TechReviewer,2026-04-08T09:30:00Z,2026-04-08T10:00:00Z,shark,robot_vacuum,Shark IQ,Lidar navigation is precise and obstacle avoidance works well. The dustbin could be larger though.,4,en,navigation_positive
a1b2c3d4-0017-4000-8000-000000000017,amazon,https://amazon.com/review/R017,AmazonReviewer17,2026-04-08T13:00:00Z,2026-04-08T13:30:00Z,shark,robot_vacuum,PowerDetect UV Reveal,Charging dock fits perfectly in the corner and the robot returns reliably. Very happy with this purchase.,5,en,general_positive
a1b2c3d4-0018-4000-8000-000000000018,reddit,https://reddit.com/r/SharkVacuums/comments/abc18,u/FrustratatedUser,2026-04-08T20:15:00Z,2026-04-08T20:30:00Z,shark,robot_vacuum,Shark Matrix,Firmware update broke the scheduling feature. Had to factory reset twice. Terrible software quality.,1,en,firmware_issue
a1b2c3d4-0019-4000-8000-000000000019,youtube,https://youtube.com/watch?v=abc019&lc=003,YTCommenter3,2026-04-09T11:30:00Z,2026-04-09T12:00:00Z,shark,robot_vacuum,PowerDetect UV Reveal,"The cyclonic suction on this model is impressive. Pet hair, debris, even cereal — it handles everything.",5,en,suction_positive
a1b2c3d4-0020-4000-8000-000000000020,amazon,https://amazon.com/review/R020,AmazonReviewer20,2026-04-09T16:45:00Z,2026-04-09T17:00:00Z,shark,robot_vacuum,Shark Matrix,Warranty claim process took 6 weeks. Customer service was unresponsive. The vacuum itself is fine but the support is awful.,2,en,warranty_issue
a1b2c3d4-0021-4000-8000-000000000021,trustpilot,https://trustpilot.com/review/shark/021,TPReviewer21,2026-04-10T10:00:00Z,2026-04-10T10:30:00Z,shark,cordless_stick,PowerDetect,Brushroll is easy to clean and replacement parts are affordable. Great value for money.,4,en,maintenance_positive
a1b2c3d4-0022-4000-8000-000000000022,reddit,https://reddit.com/r/HomeImprovement/comments/abc22,u/CleanHomeDaily,2026-04-10T14:30:00Z,2026-04-10T15:00:00Z,shark,robot_vacuum,PowerDetect UV Reveal,After 6 months of daily use the suction is still as strong as day one. Build quality is excellent.,5,en,durability_positive
a1b2c3d4-0023-4000-8000-000000000023,amazon,https://amazon.com/review/R023,AmazonReviewer23,2026-04-10T17:00:00Z,2026-04-10T17:30:00Z,shark,robot_vacuum,Shark Matrix,The app crashes constantly on Android. Navigation is good but I can't set schedules reliably.,2,en,app_issue
a1b2c3d4-0024-4000-8000-000000000024,youtube,https://youtube.com/watch?v=abc024&lc=004,YTCommenter4,2026-04-11T09:00:00Z,2026-04-11T09:30:00Z,shark,robot_vacuum,PowerDetect UV Reveal,Price is high but the performance justifies it. Best robot vacuum I've owned in 10 years.,5,en,price_value
a1b2c3d4-0025-4000-8000-000000000025,reddit,https://reddit.com/r/VacuumCleaners/comments/abc25,u/BudgetShopper,2026-04-11T12:00:00Z,2026-04-11T12:30:00Z,shark,robot_vacuum,Shark IQ,For the price it's decent but don't expect PowerDetect-level performance. Navigation is basic.,3,en,price_comparison
gen-sha-0100-efa29304,reddit,https://reddit.com/r/sharkninja/comments/gen100,u/GenUser100,2026-03-22T12:00:00Z,2026-03-22T15:00:00Z,shark,robot_vacuum,PowerDetect UV Reveal,Suction power on the PowerDetect is absolutely insane — picked up a whole pile of debris in one pass.,5,en,suction
gen-sha-0101-e4239fef,amazon,https://amazon.com/review/GEN0101,AmazonGenReviewer101,2026-03-23T13:00:00Z,2026-03-23T16:00:00Z,shark,robot_vacuum,PowerDetect UV Reveal,I'm shocked by the suction strength. Cleared my shaggy rug with zero effort.,5,en,suction
gen-sha-0102-28a231da,trustpilot,https://trustpilot.com/review/shark/gen102,TPGenReviewer102,2026-03-24T14:00:00Z,2026-03-24T17:00:00Z,shark,robot_vacuum,PowerDetect UV Reveal,Suction never drops even on thick carpet. Miles ahead of my old Roomba.,5,en,suction
gen-sha-0103-07376a34,youtube,https://youtube.com/watch?v=gen0103&lc=001,YTGenCommenter103,2026-03-25T15:00:00Z,2026-03-25T18:00:00Z,shark,robot_vacuum,PowerDetect UV Reveal,The suction on this thing is no joke. Best I've tested in this price range.,5,en,suction
gen-sha-0104-5d1f0600,reddit,https://reddit.com/r/sharkninja/comments/gen104,u/GenUser104,2026-03-26T16:00:00Z,2026-03-26T19:00:00Z,shark,robot_vacuum,PowerDetect UV Reveal,Noticed suction is weaker after 3 months. Might be filter clog but still concerning.,3,en,suction
gen-sha-0105-944c480c,amazon,https://amazon.com/review/GEN0105,AmazonGenReviewer105,2026-03-27T17:00:00Z,2026-03-27T20:00:00Z,shark,robot_vacuum,PowerDetect UV Reveal,Suction is powerful but loud — sounds like a jet engine on max mode.,4,en,suction
gen-sha-0106-7a60e6e9,twitter,https://twitter.com/user/status/gen106,@GenTweetUser106,2026-03-28T18:00:00Z,2026-03-28T21:00:00Z,shark,robot_vacuum,PowerDetect UV Reveal,Insane suction on hardwood. Not as impressive on carpet but still good.,4,en,suction
gen-sha-0107-4c8528d4,reddit,https://reddit.com/r/sharkninja/comments/gen107,u/GenUser107,2026-03-29T19:00:00Z,2026-03-29T22:00:00Z,shark,robot_vacuum,PowerDetect UV Reveal,Suction lost power after dustbin got full. Learned to empty it more often.,3,en,suction
gen-sha-0108-42e06fd4,youtube,https://youtube.com/watch?v=gen0108&lc=001,YTGenCommenter108,2026-03-30T08:00:00Z,2026-03-30T11:00:00Z,shark,robot_vacuum,PowerDetect UV Reveal,Best suction I've seen on a robot vacuum under $500. Genuinely impressed.,5,en,suction
gen-sha-0109-e7c0bc45,trustpilot,https://trustpilot.com/review/shark/gen109,TPGenReviewer109,2026-03-31T09:00:00Z,2026-03-31T12:00:00Z,shark,robot_vacuum,PowerDetect UV Reveal,Suction worked perfectly on pet hair. Golden retriever owner approved.,5,en,suction
gen-sha-0110-2b98a4e9,amazon,https://amazon.com/review/GEN0110,AmazonGenReviewer110,2026-04-01T10:00:00Z,2026-04-01T13:00:00Z,shark,robot_vacuum,PowerDetect UV Reveal,The suction is strong but the filter needs cleaning weekly to maintain it.,3,en,suction
gen-sha-0111-98cddb59,reddit,https://reddit.com/r/sharkninja/comments/gen111,u/GenUser111,2026-04-02T11:00:00Z,2026-04-02T14:00:00Z,shark,robot_vacuum,PowerDetect UV Reveal,PowerDetect suction is noticeably better than the standard Shark Matrix.,5,en,suction
gen-sha-0112-b452f52f,trustpilot,https://trustpilot.com/review/shark/gen112,TPGenReviewer112,2026-04-03T12:00:00Z,2026-04-03T15:00:00Z,shark,robot_vacuum,PowerDetect UV Reveal,Suction on high mode is incredible. Normal mode is sufficient for daily cleaning.,5,en,suction
gen-sha-0113-abbae558,youtube,https://youtube.com/watch?v=gen0113&lc=001,YTGenCommenter113,2026-04-04T13:00:00Z,2026-04-04T16:00:00Z,shark,robot_vacuum,PowerDetect UV Reveal,Suction keeps the house genuinely clean without me having to touch a mop.,5,en,suction
gen-sha-0114-a0dfa1d5,amazon,https://amazon.com/review/GEN0114,AmazonGenReviewer114,2026-04-05T14:00:00Z,2026-04-05T17:00:00Z,shark,robot_vacuum,PowerDetect UV Reveal,Lost suction after 2 months. Warranty process was a nightmare. Not impressed.,2,en,suction
gen-sha-0115-7de500fd,reddit,https://reddit.com/r/sharkninja/comments/gen115,u/GenUser115,2026-04-06T15:00:00Z,2026-04-06T18:00:00Z,shark,robot_vacuum,PowerDetect UV Reveal,Battery lasts a full 90 minutes on standard mode. Covers my entire house.,5,en,battery
gen-sha-0116-089b062b,amazon,https://amazon.com/review/GEN0116,AmazonGenReviewer116,2026-04-07T16:00:00Z,2026-04-07T19:00:00Z,shark,robot_vacuum,PowerDetect UV Reveal,"Battery dies after 45 minutes on max suction. Fine for daily runs, not deep cleans.",3,en,battery
gen-sha-0117-bed39fae,trustpilot,https://trustpilot.com/review/shark/gen117,TPGenReviewer117,2026-04-08T17:00:00Z,2026-04-08T20:00:00Z,shark,robot_vacuum,PowerDetect UV Reveal,Charging time is only 3 hours which is way better than competing models.,4,en,battery
gen-sha-0118-50e85d58,reddit,https://reddit.com/r/sharkninja/comments/gen118,u/GenUser118,2026-04-09T18:00:00Z,2026-04-09T21:00:00Z,shark,robot_vacuum,PowerDetect UV Reveal,Battery health dropped visibly after 6 months of daily use.,2,en,battery
gen-sha-0119-e97b0eac,youtube,https://youtube.com/watch?v=gen0119&lc=001,YTGenCommenter119,2026-04-10T19:00:00Z,2026-04-10T22:00:00Z,shark,robot_vacuum,PowerDetect UV Reveal,Battery lasts longer than advertised in my testing. Impressed.,5,en,battery
gen-sha-0120-3000e113,amazon,https://amazon.com/review/GEN0120,AmazonGenReviewer120,2026-02-10T08:00:00Z,2026-02-10T11:00:00Z,shark,robot_vacuum,PowerDetect UV Reveal,Battery indicator in app is accurate and gives good advance warning.,4,en,battery
gen-sha-0121-f7fc747f,twitter,https://twitter.com/user/status/gen121,@GenTweetUser121,2026-02-11T09:00:00Z,2026-02-11T12:00:00Z,shark,robot_vacuum,PowerDetect UV Reveal,Battery drains faster when mopping simultaneously. Expected but worth noting.,3,en,battery
gen-sha-0122-50019dac,trustpilot,https://trustpilot.com/review/shark/gen122,TPGenReviewer122,2026-02-12T10:00:00Z,2026-02-12T13:00:00Z,shark,robot_vacuum,PowerDetect UV Reveal,Battery capacity is the weak link on an otherwise excellent machine.,3,en,battery
gen-sha-0123-8a762bd3,reddit,https://reddit.com/r/sharkninja/comments/gen123,u/GenUser123,2026-02-13T11:00:00Z,2026-02-13T14:00:00Z,shark,robot_vacuum,PowerDetect UV Reveal,Love the auto-recharge and resume feature. Battery management is smart.,5,en,battery
gen-sha-0124-58aba0f2,amazon,https://amazon.com/review/GEN0124,AmazonGenReviewer124,2026-02-14T12:00:00Z,2026-02-14T15:00:00Z,shark,robot_vacuum,PowerDetect UV Reveal,Battery lasts long enough to clean my 2000sqft house in one go.,5,en,battery
gen-sha-0125-6c81484f,youtube,https://youtube.com/watch?v=gen0125&lc=001,YTGenCommenter125,2026-02-15T13:00:00Z,2026-02-15T16:00:00Z,shark,robot_vacuum,PowerDetect UV Reveal,After 1 year the battery holds maybe 60% of original charge. Expected degradation.,3,en,battery
gen-sha-0126-3cd72b4b,trustpilot,https://trustpilot.com/review/shark/gen126,TPGenReviewer126,2026-02-16T14:00:00Z,2026-02-16T17:00:00Z,shark,robot_vacuum,PowerDetect UV Reveal,Battery replacement is expensive. Wish Shark sold them at a more reasonable price.,2,en,battery
gen-sha-0127-70f99604,reddit,https://reddit.com/r/sharkninja/comments/gen127,u/GenUser127,2026-02-17T15:00:00Z,2026-02-17T18:00:00Z,shark,robot_vacuum,PowerDetect UV Reveal,Navigation maps the house incredibly fast on first run. Lidar is impressive.,5,en,navigation
gen-sha-0128-51c9971f,amazon,https://amazon.com/review/GEN0128,AmazonGenReviewer128,2026-02-18T16:00:00Z,2026-02-18T19:00:00Z,shark,robot_vacuum,PowerDetect UV Reveal,Navigation gets confused near glass doors. Workaround is to put a virtual wall.,3,en,navigation
gen-sha-0129-1b850830,trustpilot,https://trustpilot.com/review/shark/gen129,TPGenReviewer129,2026-02-19T17:00:00Z,2026-02-19T20:00:00Z,shark,robot_vacuum,PowerDetect UV Reveal,Obstacle avoidance saved my charging cables more than once. Very precise.,5,en,navigation
gen-sha-0130-2d6e6b73,reddit,https://reddit.com/r/sharkninja/comments/gen130,u/GenUser130,2026-02-20T18:00:00Z,2026-02-20T21:00:00Z,shark,robot_vacuum,PowerDetect UV Reveal,Mapping restarted after firmware update. Very frustrating to re-train.,2,en,navigation
gen-sha-0131-339bdc69,youtube,https://youtube.com/watch?v=gen0131&lc=001,YTGenCommenter131,2026-02-21T19:00:00Z,2026-02-21T22:00:00Z,shark,robot_vacuum,PowerDetect UV Reveal,Navigation around furniture is smooth and intelligent. Rarely gets stuck.,5,en,navigation
gen-sha-0132-76f35595,amazon,https://amazon.com/review/GEN0132,AmazonGenReviewer132,2026-02-22T08:00:00Z,2026-02-22T11:00:00Z,shark,robot_vacuum,PowerDetect UV Reveal,No issues with stair avoidance even when I removed the sensors temporarily.,5,en,navigation
gen-sha-0133-cbc82cc2,twitter,https://twitter.com/user/status/gen133,@GenTweetUser133,2026-02-23T09:00:00Z,2026-02-23T12:00:00Z,shark,robot_vacuum,PowerDetect UV Reveal,Multi-floor mapping works but switching between floors is cumbersome in the app.,3,en,navigation
gen-sha-0134-d068b966,reddit,https://reddit.com/r/sharkninja/comments/gen134,u/GenUser134,2026-02-24T10:00:00Z,2026-02-24T13:00:00Z,shark,robot_vacuum,PowerDetect UV Reveal,Navigation is methodical and covers every corner unlike older random-path models.,5,en,navigation
gen-sha-0135-6aeeb796,trustpilot,https://trustpilot.com/review/shark/gen135,TPGenReviewer135,2026-02-25T11:00:00Z,2026-02-25T14:00:00Z,shark,robot_vacuum,PowerDetect UV Reveal,Gets stuck under my low-clearance couch despite the height specs saying it fits.,2,en,navigation
gen-sha-0136-e9bf8e47,youtube,https://youtube.com/watch?v=gen0136&lc=001,YTGenCommenter136,2026-02-26T12:00:00Z,2026-02-26T15:00:00Z,shark,robot_vacuum,PowerDetect UV Reveal,Returns to dock 100% of the time even in a dark room. Impressive.,5,en,navigation
gen-sha-0137-74cfc5fe,amazon,https://amazon.com/review/GEN0137,AmazonGenReviewer137,2026-02-27T13:00:00Z,2026-02-27T16:00:00Z,shark,robot_vacuum,PowerDetect UV Reveal,Navigation accuracy improved noticeably after the 3.2 firmware update.,4,en,navigation
gen-sha-0138-0a6b547e,reddit,https://reddit.com/r/sharkninja/comments/gen138,u/GenUser138,2026-02-28T14:00:00Z,2026-02-28T17:00:00Z,shark,robot_vacuum,PowerDetect UV Reveal,Navigation is slower in rooms with lots of furniture but never fails to complete.,4,en,navigation
gen-sha-0139-048d44cf,reddit,https://reddit.com/r/sharkninja/comments/gen139,u/GenUser139,2026-03-01T15:00:00Z,2026-03-01T18:00:00Z,shark,robot_vacuum,PowerDetect UV Reveal,The app is polished and easy to use. Scheduling works perfectly.,5,en,app
gen-sha-0140-5ca8a3e4,amazon,https://amazon.com/review/GEN0140,AmazonGenReviewer140,2026-03-02T16:00:00Z,2026-03-02T19:00:00Z,shark,robot_vacuum,PowerDetect UV Reveal,App crashed twice during setup. Reinstalling fixed it but left a bad first impression.,2,en,app
gen-sha-0141-574d5593,trustpilot,https://trustpilot.com/review/shark/gen141,TPGenReviewer141,2026-03-03T17:00:00Z,2026-03-03T20:00:00Z,shark,robot_vacuum,PowerDetect UV Reveal,"Alexa integration through the app works flawlessly. 'Alexa, start cleaning'.",5,en,app
gen-sha-0142-a856bd71,youtube,https://youtube.com/watch?v=gen0142&lc=001,YTGenCommenter142,2026-03-04T18:00:00Z,2026-03-04T21:00:00Z,shark,robot_vacuum,PowerDetect UV Reveal,App UI is clean but the room naming feature is buried in menus.,3,en,app
gen-sha-0143-6e227dc3,reddit,https://reddit.com/r/sharkninja/comments/gen143,u/GenUser143,2026-03-05T19:00:00Z,2026-03-05T22:00:00Z,shark,robot_vacuum,PowerDetect UV Reveal,App doesn't support Android 14 properly. Buttons are cut off on my Pixel 8.,2,en,app
gen-sha-0144-5062a204,twitter,https://twitter.com/user/status/gen144,@GenTweetUser144,2026-03-06T08:00:00Z,2026-03-06T11:00:00Z,shark,robot_vacuum,PowerDetect UV Reveal,Love the real-time map view in the app. Can watch the robot's progress live.,5,en,app
gen-sha-0145-657d8faf,amazon,https://amazon.com/review/GEN0145,AmazonGenReviewer145,2026-03-07T09:00:00Z,2026-03-07T12:00:00Z,shark,robot_vacuum,PowerDetect UV Reveal,App notifications are overzealous. Every cleaning sends 5 push alerts.,2,en,app
gen-sha-0146-f6ed290f,trustpilot,https://trustpilot.com/review/shark/gen146,TPGenReviewer146,2026-03-08T10:00:00Z,2026-03-08T13:00:00Z,shark,robot_vacuum,PowerDetect UV Reveal,The weekly schedule feature in the app finally convinced me to stay consistent.,5,en,app
gen-sha-0147-b557ec73,youtube,https://youtube.com/watch?v=gen0147&lc=001,YTGenCommenter147,2026-03-09T11:00:00Z,2026-03-09T14:00:00Z,shark,robot_vacuum,PowerDetect UV Reveal,App is basic but functional. Does everything you need without bloat.,4,en,app
gen-sha-0148-9131515d,reddit,https://reddit.com/r/sharkninja/comments/gen148,u/GenUser148,2026-03-10T12:00:00Z,2026-03-10T15:00:00Z,shark,robot_vacuum,PowerDetect UV Reveal,Wish the app had a 'do not enter' zone feature for cat litter areas.,3,en,app
gen-sha-0149-c05c8173,amazon,https://amazon.com/review/GEN0149,AmazonGenReviewer149,2026-03-11T13:00:00Z,2026-03-11T16:00:00Z,shark,robot_vacuum,PowerDetect UV Reveal,App update removed the manual control joystick. Huge downgrade.,2,en,app
gen-sha-0150-c7e94762,trustpilot,https://trustpilot.com/review/shark/gen150,TPGenReviewer150,2026-03-12T14:00:00Z,2026-03-12T17:00:00Z,shark,robot_vacuum,PowerDetect UV Reveal,App connects in under 5 seconds on WiFi. No Bluetooth pairing hassle.,5,en,app
gen-sha-0151-54ec4d19,reddit,https://reddit.com/r/sharkninja/comments/gen151,u/GenUser151,2026-03-13T15:00:00Z,2026-03-13T18:00:00Z,shark,robot_vacuum,PowerDetect UV Reveal,Louder than expected on full power but runs late night on quiet mode fine.,3,en,noise
gen-sha-0152-cbca4ccf,amazon,https://amazon.com/review/GEN0152,AmazonGenReviewer152,2026-03-14T16:00:00Z,2026-03-14T19:00:00Z,shark,robot_vacuum,PowerDetect UV Reveal,Quiet mode is genuinely quiet. Can run it during a Zoom call without issues.,5,en,noise
gen-sha-0153-b0df7f12,trustpilot,https://trustpilot.com/review/shark/gen153,TPGenReviewer153,2026-03-15T17:00:00Z,2026-03-15T20:00:00Z,shark,robot_vacuum,PowerDetect UV Reveal,The self-empty dock is very loud. Woke up my baby twice already.,2,en,noise
gen-sha-0154-6190ec32,youtube,https://youtube.com/watch?v=gen0154&lc=001,YTGenCommenter154,2026-03-16T18:00:00Z,2026-03-16T21:00:00Z,shark,robot_vacuum,PowerDetect UV Reveal,Noise level is acceptable on standard mode. Max mode is loud but you'd expect that.,3,en,noise
gen-sha-0155-374df862,reddit,https://reddit.com/r/sharkninja/comments/gen155,u/GenUser155,2026-03-17T19:00:00Z,2026-03-17T22:00:00Z,shark,robot_vacuum,PowerDetect UV Reveal,Quietest robot vacuum I've owned. Neighbors haven't complained once.,5,en,noise
gen-sha-0156-ed59d065,amazon,https://amazon.com/review/GEN0156,AmazonGenReviewer156,2026-03-18T08:00:00Z,2026-03-18T11:00:00Z,shark,robot_vacuum,PowerDetect UV Reveal,Dock emptying sound is jarring but brief. I just set it to empty at 2pm when I'm out.,4,en,noise
gen-sha-0157-1ba190e8,twitter,https://twitter.com/user/status/gen157,@GenTweetUser157,2026-03-19T09:00:00Z,2026-03-19T12:00:00Z,shark,robot_vacuum,PowerDetect UV Reveal,Quieter than my Dyson cordless. Kids don't even wake up when it runs at 8am.,5,en,noise
gen-sha-0158-aa6f0098,reddit,https://reddit.com/r/sharkninja/comments/gen158,u/GenUser158,2026-03-20T10:00:00Z,2026-03-20T13:00:00Z,shark,robot_vacuum,PowerDetect UV Reveal,Mopping mode is nearly silent. Vacuuming is louder but not unreasonable.,4,en,noise
gen-sha-0159-51d4cfad,trustpilot,https://trustpilot.com/review/shark/gen159,TPGenReviewer159,2026-03-21T11:00:00Z,2026-03-21T14:00:00Z,shark,robot_vacuum,PowerDetect UV Reveal,The high-pitched motor whine is annoying. Low mode is fine but high is unpleasant.,2,en,noise
gen-sha-0160-35be9684,youtube,https://youtube.com/watch?v=gen0160&lc=001,YTGenCommenter160,2026-03-22T12:00:00Z,2026-03-22T15:00:00Z,shark,robot_vacuum,PowerDetect UV Reveal,Noise level drops significantly on carpet vs hardwood. Smart adaptation.,4,en,noise
gen-sha-0161-2bddfc56,amazon,https://amazon.com/review/GEN0161,AmazonGenReviewer161,2026-03-23T13:00:00Z,2026-03-23T16:00:00Z,shark,robot_vacuum,PowerDetect UV Reveal,Runs at 65dB measured. Acceptable for a robot vacuum in its class.,4,en,noise
gen-sha-0162-67a37167,reddit,https://reddit.com/r/sharkninja/comments/gen162,u/GenUser162,2026-03-24T14:00:00Z,2026-03-24T17:00:00Z,shark,robot_vacuum,PowerDetect UV Reveal,6 months in and no signs of wear. Build quality is clearly better than last year's model.,5,en,durability
gen-sha-0163-ffbffa4e,amazon,https://amazon.com/review/GEN0163,AmazonGenReviewer163,2026-03-25T15:00:00Z,2026-03-25T18:00:00Z,shark,robot_vacuum,PowerDetect UV Reveal,Bumper cracked after minor collision with furniture leg. Disappointing build quality.,2,en,durability
gen-sha-0164-ee858e9d,trustpilot,https://trustpilot.com/review/shark/gen164,TPGenReviewer164,2026-03-26T16:00:00Z,2026-03-26T19:00:00Z,shark,robot_vacuum,PowerDetect UV Reveal,Body feels solid and premium. Nothing rattles or creaks after daily use.,5,en,durability
gen-sha-0165-5a8bd7e0,youtube,https://youtube.com/watch?v=gen0165&lc=001,YTGenCommenter165,2026-03-27T17:00:00Z,2026-03-27T20:00:00Z,shark,robot_vacuum,PowerDetect UV Reveal,Had a Shark 3 years ago that lasted a decade. Hoping this one does the same.,5,en,durability
gen-sha-0166-36c1a938,reddit,https://reddit.com/r/sharkninja/comments/gen166,u/GenUser166,2026-03-28T18:00:00Z,2026-03-28T21:00:00Z,shark,robot_vacuum,PowerDetect UV Reveal,Wheel axle started grinding after 4 months. Called support and they sent a replacement unit.,3,en,durability
gen-sha-0167-d7bb5310,amazon,https://amazon.com/review/GEN0167,AmazonGenReviewer167,2026-03-29T19:00:00Z,2026-03-29T22:00:00Z,shark,robot_vacuum,PowerDetect UV Reveal,Brushroll housing cracked during cleaning. Edge case but shouldn't happen.,2,en,durability
gen-sha-0168-467e693b,trustpilot,https://trustpilot.com/review/shark/gen168,TPGenReviewer168,2026-03-30T08:00:00Z,2026-03-30T11:00:00Z,shark,robot_vacuum,PowerDetect UV Reveal,Very solid build. Fell off a low step and kept working perfectly.,5,en,durability
gen-sha-0169-43202011,twitter,https://twitter.com/user/status/gen169,@GenTweetUser169,2026-03-31T09:00:00Z,2026-03-31T12:00:00Z,shark,robot_vacuum,PowerDetect UV Reveal,Motors are still running strong after 400+ cleaning sessions. Impressive longevity.,5,en,durability
gen-sha-0170-55a0afad,reddit,https://reddit.com/r/sharkninja/comments/gen170,u/GenUser170,2026-04-01T10:00:00Z,2026-04-01T13:00:00Z,shark,robot_vacuum,PowerDetect UV Reveal,Lid hinge feels cheap but the main body is very solid.,4,en,durability
gen-sha-0171-d74f2256,youtube,https://youtube.com/watch?v=gen0171&lc=001,YTGenCommenter171,2026-04-02T11:00:00Z,2026-04-02T14:00:00Z,shark,robot_vacuum,PowerDetect UV Reveal,Sensors still accurate after 18 months of heavy use. No calibration needed.,5,en,durability
gen-sha-0172-91f0f5c3,amazon,https://amazon.com/review/GEN0172,AmazonGenReviewer172,2026-04-03T12:00:00Z,2026-04-03T15:00:00Z,shark,robot_vacuum,PowerDetect UV Reveal,Replacement parts are available but pricey. Hope they stay available long-term.,3,en,durability
gen-sha-0173-b0642094,reddit,https://reddit.com/r/sharkninja/comments/gen173,u/GenUser173,2026-04-08T13:00:00Z,2026-04-08T16:00:00Z,shark,robot_vacuum,Shark Matrix,Matrix handles multi-room navigation without getting confused. Smart mapping.,5,en,navigation
gen-sha-0174-9c0c116d,amazon,https://amazon.com/review/GEN0174,AmazonGenReviewer174,2026-02-10T14:00:00Z,2026-02-10T17:00:00Z,shark,robot_vacuum,Shark Matrix,Matrix app scheduling finally works after the latest update. Was broken for weeks.,3,en,app
gen-sha-0175-29dc072c,trustpilot,https://trustpilot.com/review/shark/gen175,TPGenReviewer175,2026-02-11T15:00:00Z,2026-02-11T18:00:00Z,shark,robot_vacuum,Shark Matrix,Matrix suction is strong on hardwood but average on carpet.,4,en,suction
gen-sha-0176-d187d3eb,youtube,https://youtube.com/watch?v=gen0176&lc=001,YTGenCommenter176,2026-02-12T16:00:00Z,2026-02-12T19:00:00Z,shark,robot_vacuum,Shark Matrix,Matrix noise on max is loud. Use quiet mode at night.,3,en,noise
gen-sha-0177-c64e2af8,reddit,https://reddit.com/r/sharkninja/comments/gen177,u/GenUser177,2026-02-13T17:00:00Z,2026-02-13T20:00:00Z,shark,robot_vacuum,Shark Matrix,Matrix battery is underwhelming at 60 minutes on standard. Smaller house only.,3,en,battery
gen-sha-0178-b1198a4a,amazon,https://amazon.com/review/GEN0178,AmazonGenReviewer178,2026-02-14T18:00:00Z,2026-02-14T21:00:00Z,shark,robot_vacuum,Shark Matrix,Matrix build quality is good except the dustbin latch feels fragile.,4,en,durability
gen-sha-0179-59e36361,trustpilot,https://trustpilot.com/review/shark/gen179,TPGenReviewer179,2026-02-15T19:00:00Z,2026-02-15T22:00:00Z,shark,robot_vacuum,Shark Matrix,Matrix app crashed on iOS 18. Support suggested reinstalling — not ideal.,2,en,app
gen-sha-0180-2fea76b5,twitter,https://twitter.com/user/status/gen180,@GenTweetUser180,2026-02-16T08:00:00Z,2026-02-16T11:00:00Z,shark,robot_vacuum,Shark Matrix,Matrix obstacle detection saved my power cable multiple times. Smart sensors.,5,en,navigation
gen-sha-0181-4a654640,reddit,https://reddit.com/r/sharkninja/comments/gen181,u/GenUser181,2026-02-17T09:00:00Z,2026-02-17T12:00:00Z,shark,robot_vacuum,Shark Matrix,Matrix filter needs cleaning every week with a dog. Expected but plan for it.,3,en,filter
gen-sha-0182-ec81491c,amazon,https://amazon.com/review/GEN0182,AmazonGenReviewer182,2026-02-18T10:00:00Z,2026-02-18T13:00:00Z,shark,robot_vacuum,Shark Matrix,Matrix firmware update pushed at 2am and disrupted my scheduled cleaning. Annoying.,2,en,app
gen-sha-0183-cfaab018,youtube,https://youtube.com/watch?v=gen0183&lc=001,YTGenCommenter183,2026-02-19T11:00:00Z,2026-02-19T14:00:00Z,shark,robot_vacuum,Shark Matrix,Matrix is my second Shark robot — upgrade from the original IQ model. Big improvement.,5,en,suction
gen-sha-0184-731e1565,trustpilot,https://trustpilot.com/review/shark/gen184,TPGenReviewer184,2026-02-20T12:00:00Z,2026-02-20T15:00:00Z,shark,robot_vacuum,Shark Matrix,Matrix self-empty dock is worth the price premium. Never having to empty manually.,5,en,dock
gen-sha-0185-7a651ef3,reddit,https://reddit.com/r/sharkninja/comments/gen185,u/GenUser185,2026-03-02T13:00:00Z,2026-03-02T16:00:00Z,shark,robot_vacuum,Shark IQ,"IQ robot vacuum is solid entry-level option. Suction is good, navigation basic.",4,en,suction
gen-sha-0186-ab6464e8,amazon,https://amazon.com/review/GEN0186,AmazonGenReviewer186,2026-03-03T14:00:00Z,2026-03-03T17:00:00Z,shark,robot_vacuum,Shark IQ,IQ battery life is excellent for the price tier. Full house on one charge.,4,en,battery
gen-sha-0187-a881f7ba,trustpilot,https://trustpilot.com/review/shark/gen187,TPGenReviewer187,2026-03-04T15:00:00Z,2026-03-04T18:00:00Z,shark,robot_vacuum,Shark IQ,"IQ navigation is row-by-row style, not room-aware. Fine for simple layouts.",3,en,navigation
gen-sha-0188-e67ba9fd,youtube,https://youtube.com/watch?v=gen0188&lc=001,YTGenCommenter188,2026-03-05T16:00:00Z,2026-03-05T19:00:00Z,shark,robot_vacuum,Shark IQ,IQ app is simple and reliable. Less features than Matrix but never crashes.,5,en,app
gen-sha-0189-6d595517,reddit,https://reddit.com/r/sharkninja/comments/gen189,u/GenUser189,2026-03-06T17:00:00Z,2026-03-06T20:00:00Z,shark,robot_vacuum,Shark IQ,IQ is noticeably quieter than my old upright. Night mode is near silent.,5,en,noise
gen-sha-0190-26598518,amazon,https://amazon.com/review/GEN0190,AmazonGenReviewer190,2026-03-07T18:00:00Z,2026-03-07T21:00:00Z,shark,robot_vacuum,Shark IQ,IQ dustbin is on the small side but empties easily.,3,en,dustbin
gen-sha-0191-c1f948b6,trustpilot,https://trustpilot.com/review/shark/gen191,TPGenReviewer191,2026-03-08T19:00:00Z,2026-03-08T22:00:00Z,shark,robot_vacuum,Shark IQ,IQ brushroll jammed twice in 3 months. Cleaned it and it recovered fine.,3,en,brushroll
gen-sha-0192-ad7f4ce8,twitter,https://twitter.com/user/status/gen192,@GenTweetUser192,2026-03-09T08:00:00Z,2026-03-09T11:00:00Z,shark,robot_vacuum,Shark IQ,IQ is perfect for a one-bedroom apartment. Don't over-spec for small spaces.,5,en,navigation
gen-sha-0193-ddf43e2d,reddit,https://reddit.com/r/sharkninja/comments/gen193,u/GenUser193,2026-03-10T09:00:00Z,2026-03-10T12:00:00Z,shark,robot_vacuum,Shark IQ,IQ dock connection is finicky. Sometimes robot misses the dock on return.,3,en,dock
gen-sha-0194-ed15c791,youtube,https://youtube.com/watch?v=gen0194&lc=001,YTGenCommenter194,2026-03-11T10:00:00Z,2026-03-11T13:00:00Z,shark,robot_vacuum,Shark IQ,IQ value for money is unmatched at this price point. Shark's budget winner.,5,en,suction
gen-sha-0195-f215abc5,reddit,https://reddit.com/r/sharkninja/comments/gen195,u/GenUser195,2026-03-27T11:00:00Z,2026-03-27T14:00:00Z,shark,upright,Shark Navigator,Navigator is a workhorse upright. Heavy but powerful for deep carpet cleaning.,5,en,suction
gen-sha-0196-e9266b6a,amazon,https://amazon.com/review/GEN0196,AmazonGenReviewer196,2026-03-28T12:00:00Z,2026-03-28T15:00:00Z,shark,upright,Shark Navigator,Navigator dustbin is huge and bagless. Easy to empty and rarely needs replacement parts.,5,en,dustbin
gen-sha-0197-4eef0c6e,trustpilot,https://trustpilot.com/review/shark/gen197,TPGenReviewer197,2026-03-29T13:00:00Z,2026-03-29T16:00:00Z,shark,upright,Shark Navigator,Navigator is loud on high power but delivers results. Worth the noise.,4,en,noise
gen-sha-0198-36025bea,youtube,https://youtube.com/watch?v=gen0198&lc=001,YTGenCommenter198,2026-03-30T14:00:00Z,2026-03-30T17:00:00Z,shark,upright,Shark Navigator,Navigator anti-allergen HEPA filter is what sold me. Air quality improved noticeably.,5,en,filter
gen-sha-0199-1d8781c7,reddit,https://reddit.com/r/sharkninja/comments/gen199,u/GenUser199,2026-03-31T15:00:00Z,2026-03-31T18:00:00Z,shark,upright,Shark Navigator,Navigator heavy and cumbersome to carry upstairs. Great for single-floor use.,3,en,durability
gen-sha-0200-450663b7,amazon,https://amazon.com/review/GEN0200,AmazonGenReviewer200,2026-02-10T16:00:00Z,2026-02-10T19:00:00Z,shark,upright,Shark Navigator,"Navigator brushroll replacement is easy and affordable. 2 years in, still going.",5,en,brushroll
gen-sha-0201-376727b2,trustpilot,https://trustpilot.com/review/shark/gen201,TPGenReviewer201,2026-02-11T17:00:00Z,2026-02-11T20:00:00Z,shark,upright,Shark Navigator,Navigator suction on carpet rivals professional cleaning equipment.,5,en,suction
gen-sha-0202-19fe39ee,twitter,https://twitter.com/user/status/gen202,@GenTweetUser202,2026-02-12T18:00:00Z,2026-02-12T21:00:00Z,shark,upright,Shark Navigator,Navigator hose attachment is well-designed. Great for stairs and upholstery.,5,en,brushroll
gen-sha-0203-f1e585cb,reddit,https://reddit.com/r/sharkninja/comments/gen203,u/GenUser203,2026-02-13T19:00:00Z,2026-02-13T22:00:00Z,shark,upright,Shark Navigator,Navigator cord length is just 25ft. Not enough for larger rooms.,3,en,durability
gen-sha-0204-c2da044f,youtube,https://youtube.com/watch?v=gen0204&lc=001,YTGenCommenter204,2026-02-14T08:00:00Z,2026-02-14T11:00:00Z,shark,upright,Shark Navigator,Navigator value is undeniable. $200 corded upright that outperforms $400 cordless.,5,en,suction
gen-sha-0205-d9c84bef,reddit,https://reddit.com/r/sharkninja/comments/gen205,u/GenUser205,2026-04-03T10:00:00Z,2026-04-03T13:00:00Z,shark,robot_vacuum,PowerDetect UV Reveal,Anyone else notice the charging dock LED keeps flickering when the robot returns? Started happening 3 days ago after update.,2,en,dock_led_flickering
gen-sha-0206-b5ca0dda,amazon,https://amazon.com/review/GEN0206,AmazonGenReviewer206,2026-04-01T14:00:00Z,2026-04-01T17:00:00Z,shark,robot_vacuum,PowerDetect UV Reveal,Charging dock LED flickering constantly since last firmware push. Robot still charges but it's unsettling.,2,en,dock_led_flickering
gen-sha-0207-0b8c6c08,trustpilot,https://trustpilot.com/review/shark/gen207,TPGenReviewer207,2026-03-30T11:00:00Z,2026-03-30T14:00:00Z,shark,robot_vacuum,PowerDetect UV Reveal,The dock LED flickers orange instead of solid white when charging. Customer service said they're looking into it.,2,en,dock_led_flickering
gen-sha-0208-6ff991b8,youtube,https://youtube.com/watch?v=gen0208&lc=001,YTGenCommenter208,2026-04-04T16:00:00Z,2026-04-04T19:00:00Z,shark,robot_vacuum,PowerDetect UV Reveal,Got the same dock LED flickering issue others are reporting. Makes me worry about charging stability.,2,en,dock_led_flickering
gen-sha-0209-27dd200a,twitter,https://twitter.com/user/status/gen209,@GenTweetUser209,2026-04-06T09:00:00Z,2026-04-06T12:00:00Z,shark,robot_vacuum,PowerDetect UV Reveal,My PowerDetect dock LED started flickering 5 days ago — seeing multiple reports on Reddit. Shark please address this!,2,en,dock_led_flickering
gen-sha-0500-3051201a,reddit,https://reddit.com/r/sharkninja/comments/gen500,u/GenUser500,2026-03-26T16:00:00Z,2026-03-26T19:00:00Z,shark,robot_vacuum,PowerDetect UV Reveal,PowerDetect UV Reveal handles pet hair like a champion. No tangles ever.,5,en,brushroll
gen-sha-0501-b1c0a73a,amazon,https://amazon.com/review/GEN0501,AmazonGenReviewer501,2026-03-27T17:00:00Z,2026-03-27T20:00:00Z,shark,robot_vacuum,PowerDetect UV Reveal,The UV light feature actually shows dust you didn't know was there. Eye-opening.,5,en,suction
gen-sha-0502-d8280a11,trustpilot,https://trustpilot.com/review/shark/gen502,TPGenReviewer502,2026-03-28T18:00:00Z,2026-03-28T21:00:00Z,shark,robot_vacuum,PowerDetect UV Reveal,PowerDetect filter system is multi-stage and captures fine allergens well.,5,en,filter
gen-sha-0503-6ed69cb9,youtube,https://youtube.com/watch?v=gen0503&lc=001,YTGenCommenter503,2026-03-29T19:00:00Z,2026-03-29T22:00:00Z,shark,robot_vacuum,PowerDetect UV Reveal,Scheduling in the app is reliable. Runs every morning at 9am without fail.,5,en,app
gen-sha-0504-ec99330b,twitter,https://twitter.com/user/status/gen504,@GenTweetUser504,2026-03-30T08:00:00Z,2026-03-30T11:00:00Z,shark,robot_vacuum,PowerDetect UV Reveal,Suction mode automatically adjusts on carpet vs hardwood. Clever design.,5,en,suction
gen-sha-0505-2d3ef576,reddit,https://reddit.com/r/sharkninja/comments/gen505,u/GenUser505,2026-03-31T09:00:00Z,2026-03-31T12:00:00Z,shark,robot_vacuum,PowerDetect UV Reveal,Battery returns to dock to charge mid-run and picks up where it left off.,5,en,battery
gen-sha-0506-adfb5f91,amazon,https://amazon.com/review/GEN0506,AmazonGenReviewer506,2026-04-01T10:00:00Z,2026-04-01T13:00:00Z,shark,robot_vacuum,PowerDetect UV Reveal,Navigation handles open-plan layout perfectly. No missed zones.,5,en,navigation
gen-sha-0507-66ee610f,trustpilot,https://trustpilot.com/review/shark/gen507,TPGenReviewer507,2026-04-02T11:00:00Z,2026-04-02T14:00:00Z,shark,robot_vacuum,PowerDetect UV Reveal,Noise is bearable on eco mode. Max mode is loud but I only use it weekly.,4,en,noise
gen-sha-0508-6113033c,youtube,https://youtube.com/watch?v=gen0508&lc=001,YTGenCommenter508,2026-04-03T12:00:00Z,2026-04-03T15:00:00Z,shark,robot_vacuum,PowerDetect UV Reveal,Durability after 9 months is excellent. No worn parts or degraded performance.,5,en,durability
gen-sha-0509-a2b3e4d0,reddit,https://reddit.com/r/sharkninja/comments/gen509,u/GenUser509,2026-04-04T13:00:00Z,2026-04-04T16:00:00Z,shark,robot_vacuum,PowerDetect UV Reveal,App onboarding experience is the best in class. Setup took under 10 minutes.,5,en,app
gen-sha-0510-9772d3cb,amazon,https://amazon.com/review/GEN0510,AmazonGenReviewer510,2026-04-05T14:00:00Z,2026-04-05T17:00:00Z,shark,robot_vacuum,Shark Matrix,Matrix dock emptying is automatic and the bag lasts 60 days. Genuinely hands-free.,5,en,dock
gen-sha-0511-aee0ee46,trustpilot,https://trustpilot.com/review/shark/gen511,TPGenReviewer511,2026-04-06T15:00:00Z,2026-04-06T18:00:00Z,shark,robot_vacuum,Shark Matrix,Matrix suction degrades slightly after 3 months. Filter cleaning helps a lot.,3,en,suction
gen-sha-0512-024e4480,youtube,https://youtube.com/watch?v=gen0512&lc=001,YTGenCommenter512,2026-04-07T16:00:00Z,2026-04-07T19:00:00Z,shark,robot_vacuum,Shark Matrix,Matrix navigation got confused once around a new piece of furniture. Remapped easily.,4,en,navigation
gen-sha-0513-1b15ca71,reddit,https://reddit.com/r/sharkninja/comments/gen513,u/GenUser513,2026-02-10T17:00:00Z,2026-02-10T20:00:00Z,shark,robot_vacuum,Shark Matrix,Matrix app widget on iPhone home screen is convenient. Nice UX touch.,5,en,app
gen-sha-0514-88c6cf6b,amazon,https://amazon.com/review/GEN0514,AmazonGenReviewer514,2026-02-11T18:00:00Z,2026-02-11T21:00:00Z,shark,robot_vacuum,Shark Matrix,Matrix battery life improved after a firmware update. Now lasts 75 minutes.,4,en,battery
gen-sha-0515-ff25ab52,reddit,https://reddit.com/r/sharkninja/comments/gen515,u/GenUser515,2026-02-12T19:00:00Z,2026-02-12T22:00:00Z,shark,robot_vacuum,Shark IQ,IQ robot has been running daily for 2 years with no hardware issues.,5,en,durability
gen-sha-0516-256dc980,amazon,https://amazon.com/review/GEN0516,AmazonGenReviewer516,2026-02-13T08:00:00Z,2026-02-13T11:00:00Z,shark,robot_vacuum,Shark IQ,IQ navigation row-pattern means it's predictable. I know it won't miss a spot.,4,en,navigation
gen-sha-0517-c0aa7a7b,trustpilot,https://trustpilot.com/review/shark/gen517,TPGenReviewer517,2026-02-14T09:00:00Z,2026-02-14T12:00:00Z,shark,robot_vacuum,Shark IQ,IQ app is simple but that's a feature not a bug. No bloat.,5,en,app
gen-sha-0518-1ab3452f,reddit,https://reddit.com/r/sharkninja/comments/gen518,u/GenUser518,2026-02-15T10:00:00Z,2026-02-15T13:00:00Z,shark,upright,Shark Navigator,Navigator edge cleaning attachment is outstanding for baseboards.,5,en,brushroll
gen-sha-0519-acb41fac,amazon,https://amazon.com/review/GEN0519,AmazonGenReviewer519,2026-02-16T11:00:00Z,2026-02-16T14:00:00Z,shark,upright,Shark Navigator,Navigator HEPA filter removes dog dander effectively. Allergy sufferer approved.,5,en,filter
gen-sha-0520-2fa9e352,trustpilot,https://trustpilot.com/review/shark/gen520,TPGenReviewer520,2026-02-17T12:00:00Z,2026-02-17T15:00:00Z,shark,upright,Shark Navigator,Navigator cord winds up neatly and storage is compact for an upright.,4,en,durability
gen-sha-0800-1748997d,reddit,https://reddit.com/r/sharkninja/comments/gen800,u/GenUser800,2026-03-02T16:00:00Z,2026-03-02T19:00:00Z,shark,robot_vacuum,PowerDetect UV Reveal,Charging dock LED is a clear indicator of charging status. Simple and effective.,5,en,dock
gen-sha-0801-1a0a1a24,amazon,https://amazon.com/review/GEN0801,AmazonGenReviewer801,2026-03-03T17:00:00Z,2026-03-03T20:00:00Z,shark,robot_vacuum,PowerDetect UV Reveal,Filter indicator in the app tells me when to clean. Never guessing anymore.,5,en,filter
gen-sha-0802-a7f208ae,trustpilot,https://trustpilot.com/review/shark/gen802,TPGenReviewer802,2026-03-04T18:00:00Z,2026-03-04T21:00:00Z,shark,robot_vacuum,PowerDetect UV Reveal,Brushroll picks up fine debris like sand and flour easily. Impressive coverage.,5,en,brushroll
gen-sha-0803-80f82c05,youtube,https://youtube.com/watch?v=gen0803&lc=001,YTGenCommenter803,2026-03-05T19:00:00Z,2026-03-05T22:00:00Z,shark,robot_vacuum,PowerDetect UV Reveal,App gives me a detailed map of cleaned area after each run. Very satisfying.,5,en,app
gen-sha-0804-ea335aa1,twitter,https://twitter.com/user/status/gen804,@GenTweetUser804,2026-03-06T08:00:00Z,2026-03-06T11:00:00Z,shark,robot_vacuum,PowerDetect UV Reveal,Suction on hard floor is exceptional. Leaves the floor visibly cleaner.,5,en,suction
gen-sha-0805-f8fa715b,reddit,https://reddit.com/r/sharkninja/comments/gen805,u/GenUser805,2026-03-07T09:00:00Z,2026-03-07T12:00:00Z,shark,robot_vacuum,PowerDetect UV Reveal,Battery recharge is faster than advertised on the box. Nice surprise.,4,en,battery
gen-sha-0806-19f0408e,amazon,https://amazon.com/review/GEN0806,AmazonGenReviewer806,2026-03-08T10:00:00Z,2026-03-08T13:00:00Z,shark,robot_vacuum,PowerDetect UV Reveal,Navigation finally handles my dark hardwood floors without getting confused.,4,en,navigation
gen-sha-0807-f9d7bb47,trustpilot,https://trustpilot.com/review/shark/gen807,TPGenReviewer807,2026-03-09T11:00:00Z,2026-03-09T14:00:00Z,shark,robot_vacuum,PowerDetect UV Reveal,Noise on auto-adjust mode is significantly less annoying than manual max.,4,en,noise
gen-sha-0808-9ec35385,youtube,https://youtube.com/watch?v=gen0808&lc=001,YTGenCommenter808,2026-03-10T12:00:00Z,2026-03-10T15:00:00Z,shark,robot_vacuum,PowerDetect UV Reveal,Build quality is premium for the price bracket. Heavy and solid.,5,en,durability
gen-sha-0809-0ff7a54d,reddit,https://reddit.com/r/sharkninja/comments/gen809,u/GenUser809,2026-03-11T13:00:00Z,2026-03-11T16:00:00Z,shark,robot_vacuum,PowerDetect UV Reveal,PowerDetect handles transitions between rugs and hardwood without hesitation.,5,en,navigation
gen-sha-0810-50b76665,amazon,https://amazon.com/review/GEN0810,AmazonGenReviewer810,2026-03-12T14:00:00Z,2026-03-12T17:00:00Z,shark,robot_vacuum,Shark Matrix,Matrix detects obstacles in realtime using vision AI. Rarely wrong.,5,en,navigation
gen-sha-0811-cfab967f,trustpilot,https://trustpilot.com/review/shark/gen811,TPGenReviewer811,2026-03-13T15:00:00Z,2026-03-13T18:00:00Z,shark,robot_vacuum,Shark Matrix,Matrix quiet mode is acceptably quiet for an evening run.,4,en,noise
gen-sha-0812-139e0424,reddit,https://reddit.com/r/sharkninja/comments/gen812,u/GenUser812,2026-03-14T16:00:00Z,2026-03-14T19:00:00Z,shark,robot_vacuum,Shark Matrix,Matrix mopping pad attachment works okay but the UV Reveal version is better.,3,en,navigation
gen-sha-0813-8fbe74d1,youtube,https://youtube.com/watch?v=gen0813&lc=001,YTGenCommenter813,2026-03-15T17:00:00Z,2026-03-15T20:00:00Z,shark,robot_vacuum,Shark IQ,IQ has been running twice a day for 6 months — no signs of wear.,5,en,durability
gen-sha-0814-0ea95f09,amazon,https://amazon.com/review/GEN0814,AmazonGenReviewer814,2026-03-16T18:00:00Z,2026-03-16T21:00:00Z,shark,robot_vacuum,Shark IQ,IQ value vs the premium models is exceptional. 80% of the performance at 50% of the price.,5,en,suction
